"store_type","total_sales","sales_made"
"Local","3440896.52","44.55772931354465539500"
"Mall Kiosk","698791.61","9.04896942525782918600"
"Outlet","631804.81","8.18152697686343425100"
"Super Store","1224293.65","15.85393363035270255400"
"Web Portal","1726547.05","22.35784065398137861300"
